"","x"
"1","mv ERR458493.syrah2.fq.gz ERR458493.WT.BR1.L1.syrah2.fq.gz"
"2","mv ERR458494.syrah2.fq.gz ERR458494.WT.BR1.L2.syrah2.fq.gz"
"3","mv ERR458495.syrah2.fq.gz ERR458495.WT.BR1.L3.syrah2.fq.gz"
"4","mv ERR458496.syrah2.fq.gz ERR458496.WT.BR1.L4.syrah2.fq.gz"
"5","mv ERR458497.syrah2.fq.gz ERR458497.WT.BR1.L5.syrah2.fq.gz"
"6","mv ERR458498.syrah2.fq.gz ERR458498.WT.BR1.L6.syrah2.fq.gz"
"7","mv ERR458499.syrah2.fq.gz ERR458499.WT.BR1.L7.syrah2.fq.gz"
"8","mv ERR458500.syrah2.fq.gz ERR458500.SNF2.BR1.L1.syrah2.fq.gz"
"9","mv ERR458501.syrah2.fq.gz ERR458501.SNF2.BR1.L2.syrah2.fq.gz"
"10","mv ERR458502.syrah2.fq.gz ERR458502.SNF2.BR1.L3.syrah2.fq.gz"
"11","mv ERR458503.syrah2.fq.gz ERR458503.SNF2.BR1.L4.syrah2.fq.gz"
"12","mv ERR458504.syrah2.fq.gz ERR458504.SNF2.BR1.L5.syrah2.fq.gz"
"13","mv ERR458505.syrah2.fq.gz ERR458505.SNF2.BR1.L6.syrah2.fq.gz"
"14","mv ERR458506.syrah2.fq.gz ERR458506.SNF2.BR1.L7.syrah2.fq.gz"
"15","mv ERR458507.syrah2.fq.gz ERR458507.SNF2.BR2.L1.syrah2.fq.gz"
"16","mv ERR458508.syrah2.fq.gz ERR458508.SNF2.BR2.L2.syrah2.fq.gz"
"17","mv ERR458509.syrah2.fq.gz ERR458509.SNF2.BR2.L3.syrah2.fq.gz"
"18","mv ERR458510.syrah2.fq.gz ERR458510.SNF2.BR2.L4.syrah2.fq.gz"
"19","mv ERR458511.syrah2.fq.gz ERR458511.SNF2.BR2.L5.syrah2.fq.gz"
"20","mv ERR458512.syrah2.fq.gz ERR458512.SNF2.BR2.L6.syrah2.fq.gz"
"21","mv ERR458513.syrah2.fq.gz ERR458513.SNF2.BR2.L7.syrah2.fq.gz"
"22","mv ERR458514.syrah2.fq.gz ERR458514.SNF2.BR3.L1.syrah2.fq.gz"
"23","mv ERR458515.syrah2.fq.gz ERR458515.SNF2.BR3.L2.syrah2.fq.gz"
"24","mv ERR458516.syrah2.fq.gz ERR458516.SNF2.BR3.L3.syrah2.fq.gz"
"25","mv ERR458517.syrah2.fq.gz ERR458517.SNF2.BR3.L4.syrah2.fq.gz"
"26","mv ERR458518.syrah2.fq.gz ERR458518.SNF2.BR3.L5.syrah2.fq.gz"
"27","mv ERR458519.syrah2.fq.gz ERR458519.SNF2.BR3.L6.syrah2.fq.gz"
"28","mv ERR458520.syrah2.fq.gz ERR458520.SNF2.BR3.L7.syrah2.fq.gz"
"29","mv ERR458521.syrah2.fq.gz ERR458521.SNF2.BR4.L1.syrah2.fq.gz"
"30","mv ERR458522.syrah2.fq.gz ERR458522.SNF2.BR4.L2.syrah2.fq.gz"
"31","mv ERR458523.syrah2.fq.gz ERR458523.SNF2.BR4.L3.syrah2.fq.gz"
"32","mv ERR458524.syrah2.fq.gz ERR458524.SNF2.BR4.L4.syrah2.fq.gz"
"33","mv ERR458525.syrah2.fq.gz ERR458525.SNF2.BR4.L5.syrah2.fq.gz"
"34","mv ERR458526.syrah2.fq.gz ERR458526.SNF2.BR4.L6.syrah2.fq.gz"
"35","mv ERR458527.syrah2.fq.gz ERR458527.SNF2.BR4.L7.syrah2.fq.gz"
"36","mv ERR458528.syrah2.fq.gz ERR458528.SNF2.BR5.L1.syrah2.fq.gz"
"37","mv ERR458529.syrah2.fq.gz ERR458529.SNF2.BR5.L2.syrah2.fq.gz"
"38","mv ERR458530.syrah2.fq.gz ERR458530.SNF2.BR5.L3.syrah2.fq.gz"
"39","mv ERR458531.syrah2.fq.gz ERR458531.SNF2.BR5.L4.syrah2.fq.gz"
"40","mv ERR458532.syrah2.fq.gz ERR458532.SNF2.BR5.L5.syrah2.fq.gz"
"41","mv ERR458533.syrah2.fq.gz ERR458533.SNF2.BR5.L6.syrah2.fq.gz"
"42","mv ERR458534.syrah2.fq.gz ERR458534.SNF2.BR5.L7.syrah2.fq.gz"
"43","mv ERR458535.syrah2.fq.gz ERR458535.SNF2.BR6.L1.syrah2.fq.gz"
"44","mv ERR458536.syrah2.fq.gz ERR458536.SNF2.BR6.L2.syrah2.fq.gz"
"45","mv ERR458537.syrah2.fq.gz ERR458537.SNF2.BR6.L3.syrah2.fq.gz"
"46","mv ERR458538.syrah2.fq.gz ERR458538.SNF2.BR6.L4.syrah2.fq.gz"
"47","mv ERR458539.syrah2.fq.gz ERR458539.SNF2.BR6.L5.syrah2.fq.gz"
"48","mv ERR458540.syrah2.fq.gz ERR458540.SNF2.BR6.L6.syrah2.fq.gz"
"49","mv ERR458541.syrah2.fq.gz ERR458541.SNF2.BR6.L7.syrah2.fq.gz"
"50","mv ERR458542.syrah2.fq.gz ERR458542.SNF2.BR7.L1.syrah2.fq.gz"
"51","mv ERR458543.syrah2.fq.gz ERR458543.SNF2.BR7.L2.syrah2.fq.gz"
"52","mv ERR458544.syrah2.fq.gz ERR458544.SNF2.BR7.L3.syrah2.fq.gz"
"53","mv ERR458545.syrah2.fq.gz ERR458545.SNF2.BR7.L4.syrah2.fq.gz"
"54","mv ERR458546.syrah2.fq.gz ERR458546.SNF2.BR7.L5.syrah2.fq.gz"
"55","mv ERR458547.syrah2.fq.gz ERR458547.SNF2.BR7.L6.syrah2.fq.gz"
"56","mv ERR458548.syrah2.fq.gz ERR458548.SNF2.BR7.L7.syrah2.fq.gz"
"57","mv ERR458549.syrah2.fq.gz ERR458549.SNF2.BR8.L1.syrah2.fq.gz"
"58","mv ERR458550.syrah2.fq.gz ERR458550.SNF2.BR8.L2.syrah2.fq.gz"
"59","mv ERR458551.syrah2.fq.gz ERR458551.SNF2.BR8.L3.syrah2.fq.gz"
"60","mv ERR458552.syrah2.fq.gz ERR458552.SNF2.BR8.L4.syrah2.fq.gz"
"61","mv ERR458553.syrah2.fq.gz ERR458553.SNF2.BR8.L5.syrah2.fq.gz"
"62","mv ERR458554.syrah2.fq.gz ERR458554.SNF2.BR8.L6.syrah2.fq.gz"
"63","mv ERR458555.syrah2.fq.gz ERR458555.SNF2.BR8.L7.syrah2.fq.gz"
"64","mv ERR458556.syrah2.fq.gz ERR458556.SNF2.BR9.L1.syrah2.fq.gz"
"65","mv ERR458557.syrah2.fq.gz ERR458557.SNF2.BR9.L2.syrah2.fq.gz"
"66","mv ERR458558.syrah2.fq.gz ERR458558.SNF2.BR9.L3.syrah2.fq.gz"
"67","mv ERR458559.syrah2.fq.gz ERR458559.SNF2.BR9.L4.syrah2.fq.gz"
"68","mv ERR458560.syrah2.fq.gz ERR458560.SNF2.BR9.L5.syrah2.fq.gz"
"69","mv ERR458561.syrah2.fq.gz ERR458561.SNF2.BR9.L6.syrah2.fq.gz"
"70","mv ERR458562.syrah2.fq.gz ERR458562.SNF2.BR9.L7.syrah2.fq.gz"
"71","mv ERR458563.syrah2.fq.gz ERR458563.SNF2.BR10.L1.syrah2.fq.gz"
"72","mv ERR458564.syrah2.fq.gz ERR458564.SNF2.BR10.L2.syrah2.fq.gz"
"73","mv ERR458565.syrah2.fq.gz ERR458565.SNF2.BR10.L3.syrah2.fq.gz"
"74","mv ERR458566.syrah2.fq.gz ERR458566.SNF2.BR10.L4.syrah2.fq.gz"
"75","mv ERR458567.syrah2.fq.gz ERR458567.SNF2.BR10.L5.syrah2.fq.gz"
"76","mv ERR458568.syrah2.fq.gz ERR458568.SNF2.BR10.L6.syrah2.fq.gz"
"77","mv ERR458569.syrah2.fq.gz ERR458569.SNF2.BR10.L7.syrah2.fq.gz"
"78","mv ERR458570.syrah2.fq.gz ERR458570.SNF2.BR11.L1.syrah2.fq.gz"
"79","mv ERR458571.syrah2.fq.gz ERR458571.SNF2.BR11.L2.syrah2.fq.gz"
"80","mv ERR458572.syrah2.fq.gz ERR458572.SNF2.BR11.L3.syrah2.fq.gz"
"81","mv ERR458573.syrah2.fq.gz ERR458573.SNF2.BR11.L4.syrah2.fq.gz"
"82","mv ERR458574.syrah2.fq.gz ERR458574.SNF2.BR11.L5.syrah2.fq.gz"
"83","mv ERR458575.syrah2.fq.gz ERR458575.SNF2.BR11.L6.syrah2.fq.gz"
"84","mv ERR458576.syrah2.fq.gz ERR458576.SNF2.BR11.L7.syrah2.fq.gz"
"85","mv ERR458577.syrah2.fq.gz ERR458577.SNF2.BR12.L1.syrah2.fq.gz"
"86","mv ERR458578.syrah2.fq.gz ERR458578.SNF2.BR12.L2.syrah2.fq.gz"
"87","mv ERR458579.syrah2.fq.gz ERR458579.SNF2.BR12.L3.syrah2.fq.gz"
"88","mv ERR458580.syrah2.fq.gz ERR458580.SNF2.BR12.L4.syrah2.fq.gz"
"89","mv ERR458581.syrah2.fq.gz ERR458581.SNF2.BR12.L5.syrah2.fq.gz"
"90","mv ERR458582.syrah2.fq.gz ERR458582.SNF2.BR12.L6.syrah2.fq.gz"
"91","mv ERR458583.syrah2.fq.gz ERR458583.SNF2.BR12.L7.syrah2.fq.gz"
"92","mv ERR458584.syrah2.fq.gz ERR458584.SNF2.BR13.L1.syrah2.fq.gz"
"93","mv ERR458585.syrah2.fq.gz ERR458585.SNF2.BR13.L2.syrah2.fq.gz"
"94","mv ERR458586.syrah2.fq.gz ERR458586.SNF2.BR13.L3.syrah2.fq.gz"
"95","mv ERR458587.syrah2.fq.gz ERR458587.SNF2.BR13.L4.syrah2.fq.gz"
"96","mv ERR458588.syrah2.fq.gz ERR458588.SNF2.BR13.L5.syrah2.fq.gz"
"97","mv ERR458589.syrah2.fq.gz ERR458589.SNF2.BR13.L6.syrah2.fq.gz"
"98","mv ERR458590.syrah2.fq.gz ERR458590.SNF2.BR13.L7.syrah2.fq.gz"
"99","mv ERR458591.syrah2.fq.gz ERR458591.SNF2.BR14.L1.syrah2.fq.gz"
"100","mv ERR458592.syrah2.fq.gz ERR458592.SNF2.BR14.L2.syrah2.fq.gz"
"101","mv ERR458593.syrah2.fq.gz ERR458593.SNF2.BR14.L3.syrah2.fq.gz"
"102","mv ERR458594.syrah2.fq.gz ERR458594.SNF2.BR14.L4.syrah2.fq.gz"
"103","mv ERR458595.syrah2.fq.gz ERR458595.SNF2.BR14.L5.syrah2.fq.gz"
"104","mv ERR458596.syrah2.fq.gz ERR458596.SNF2.BR14.L6.syrah2.fq.gz"
"105","mv ERR458597.syrah2.fq.gz ERR458597.SNF2.BR14.L7.syrah2.fq.gz"
"106","mv ERR458598.syrah2.fq.gz ERR458598.SNF2.BR15.L1.syrah2.fq.gz"
"107","mv ERR458599.syrah2.fq.gz ERR458599.SNF2.BR15.L2.syrah2.fq.gz"
"108","mv ERR458600.syrah2.fq.gz ERR458600.SNF2.BR15.L3.syrah2.fq.gz"
"109","mv ERR458601.syrah2.fq.gz ERR458601.SNF2.BR15.L4.syrah2.fq.gz"
"110","mv ERR458602.syrah2.fq.gz ERR458602.SNF2.BR15.L5.syrah2.fq.gz"
"111","mv ERR458603.syrah2.fq.gz ERR458603.SNF2.BR15.L6.syrah2.fq.gz"
"112","mv ERR458604.syrah2.fq.gz ERR458604.SNF2.BR15.L7.syrah2.fq.gz"
"113","mv ERR458605.syrah2.fq.gz ERR458605.SNF2.BR16.L1.syrah2.fq.gz"
"114","mv ERR458606.syrah2.fq.gz ERR458606.SNF2.BR16.L2.syrah2.fq.gz"
"115","mv ERR458607.syrah2.fq.gz ERR458607.SNF2.BR16.L3.syrah2.fq.gz"
"116","mv ERR458608.syrah2.fq.gz ERR458608.SNF2.BR16.L4.syrah2.fq.gz"
"117","mv ERR458609.syrah2.fq.gz ERR458609.SNF2.BR16.L5.syrah2.fq.gz"
"118","mv ERR458610.syrah2.fq.gz ERR458610.SNF2.BR16.L6.syrah2.fq.gz"
"119","mv ERR458611.syrah2.fq.gz ERR458611.SNF2.BR16.L7.syrah2.fq.gz"
"120","mv ERR458612.syrah2.fq.gz ERR458612.SNF2.BR17.L1.syrah2.fq.gz"
"121","mv ERR458613.syrah2.fq.gz ERR458613.SNF2.BR17.L2.syrah2.fq.gz"
"122","mv ERR458614.syrah2.fq.gz ERR458614.SNF2.BR17.L3.syrah2.fq.gz"
"123","mv ERR458615.syrah2.fq.gz ERR458615.SNF2.BR17.L4.syrah2.fq.gz"
"124","mv ERR458616.syrah2.fq.gz ERR458616.SNF2.BR17.L5.syrah2.fq.gz"
"125","mv ERR458617.syrah2.fq.gz ERR458617.SNF2.BR17.L6.syrah2.fq.gz"
"126","mv ERR458618.syrah2.fq.gz ERR458618.SNF2.BR17.L7.syrah2.fq.gz"
"127","mv ERR458619.syrah2.fq.gz ERR458619.SNF2.BR18.L1.syrah2.fq.gz"
"128","mv ERR458620.syrah2.fq.gz ERR458620.SNF2.BR18.L2.syrah2.fq.gz"
"129","mv ERR458621.syrah2.fq.gz ERR458621.SNF2.BR18.L3.syrah2.fq.gz"
"130","mv ERR458622.syrah2.fq.gz ERR458622.SNF2.BR18.L4.syrah2.fq.gz"
"131","mv ERR458623.syrah2.fq.gz ERR458623.SNF2.BR18.L5.syrah2.fq.gz"
"132","mv ERR458624.syrah2.fq.gz ERR458624.SNF2.BR18.L6.syrah2.fq.gz"
"133","mv ERR458625.syrah2.fq.gz ERR458625.SNF2.BR18.L7.syrah2.fq.gz"
"134","mv ERR458626.syrah2.fq.gz ERR458626.SNF2.BR19.L1.syrah2.fq.gz"
"135","mv ERR458627.syrah2.fq.gz ERR458627.SNF2.BR19.L2.syrah2.fq.gz"
"136","mv ERR458628.syrah2.fq.gz ERR458628.SNF2.BR19.L3.syrah2.fq.gz"
"137","mv ERR458629.syrah2.fq.gz ERR458629.SNF2.BR19.L4.syrah2.fq.gz"
"138","mv ERR458630.syrah2.fq.gz ERR458630.SNF2.BR19.L5.syrah2.fq.gz"
"139","mv ERR458631.syrah2.fq.gz ERR458631.SNF2.BR19.L6.syrah2.fq.gz"
"140","mv ERR458632.syrah2.fq.gz ERR458632.SNF2.BR19.L7.syrah2.fq.gz"
"141","mv ERR458633.syrah2.fq.gz ERR458633.SNF2.BR20.L1.syrah2.fq.gz"
"142","mv ERR458634.syrah2.fq.gz ERR458634.SNF2.BR20.L2.syrah2.fq.gz"
"143","mv ERR458635.syrah2.fq.gz ERR458635.SNF2.BR20.L3.syrah2.fq.gz"
"144","mv ERR458636.syrah2.fq.gz ERR458636.SNF2.BR20.L4.syrah2.fq.gz"
"145","mv ERR458637.syrah2.fq.gz ERR458637.SNF2.BR20.L5.syrah2.fq.gz"
"146","mv ERR458638.syrah2.fq.gz ERR458638.SNF2.BR20.L6.syrah2.fq.gz"
"147","mv ERR458639.syrah2.fq.gz ERR458639.SNF2.BR20.L7.syrah2.fq.gz"
"148","mv ERR458640.syrah2.fq.gz ERR458640.SNF2.BR21.L1.syrah2.fq.gz"
"149","mv ERR458641.syrah2.fq.gz ERR458641.SNF2.BR21.L2.syrah2.fq.gz"
"150","mv ERR458642.syrah2.fq.gz ERR458642.SNF2.BR21.L3.syrah2.fq.gz"
"151","mv ERR458643.syrah2.fq.gz ERR458643.SNF2.BR21.L4.syrah2.fq.gz"
"152","mv ERR458644.syrah2.fq.gz ERR458644.SNF2.BR21.L5.syrah2.fq.gz"
"153","mv ERR458645.syrah2.fq.gz ERR458645.SNF2.BR21.L6.syrah2.fq.gz"
"154","mv ERR458646.syrah2.fq.gz ERR458646.SNF2.BR21.L7.syrah2.fq.gz"
"155","mv ERR458647.syrah2.fq.gz ERR458647.SNF2.BR22.L1.syrah2.fq.gz"
"156","mv ERR458648.syrah2.fq.gz ERR458648.SNF2.BR22.L2.syrah2.fq.gz"
"157","mv ERR458649.syrah2.fq.gz ERR458649.SNF2.BR22.L3.syrah2.fq.gz"
"158","mv ERR458650.syrah2.fq.gz ERR458650.SNF2.BR22.L4.syrah2.fq.gz"
"159","mv ERR458651.syrah2.fq.gz ERR458651.SNF2.BR22.L5.syrah2.fq.gz"
"160","mv ERR458652.syrah2.fq.gz ERR458652.SNF2.BR22.L6.syrah2.fq.gz"
"161","mv ERR458653.syrah2.fq.gz ERR458653.SNF2.BR22.L7.syrah2.fq.gz"
"162","mv ERR458654.syrah2.fq.gz ERR458654.SNF2.BR23.L1.syrah2.fq.gz"
"163","mv ERR458655.syrah2.fq.gz ERR458655.SNF2.BR23.L2.syrah2.fq.gz"
"164","mv ERR458656.syrah2.fq.gz ERR458656.SNF2.BR23.L3.syrah2.fq.gz"
"165","mv ERR458657.syrah2.fq.gz ERR458657.SNF2.BR23.L4.syrah2.fq.gz"
"166","mv ERR458658.syrah2.fq.gz ERR458658.SNF2.BR23.L5.syrah2.fq.gz"
"167","mv ERR458659.syrah2.fq.gz ERR458659.SNF2.BR23.L6.syrah2.fq.gz"
"168","mv ERR458660.syrah2.fq.gz ERR458660.SNF2.BR23.L7.syrah2.fq.gz"
"169","mv ERR458661.syrah2.fq.gz ERR458661.SNF2.BR24.L1.syrah2.fq.gz"
"170","mv ERR458662.syrah2.fq.gz ERR458662.SNF2.BR24.L2.syrah2.fq.gz"
"171","mv ERR458663.syrah2.fq.gz ERR458663.SNF2.BR24.L3.syrah2.fq.gz"
"172","mv ERR458664.syrah2.fq.gz ERR458664.SNF2.BR24.L4.syrah2.fq.gz"
"173","mv ERR458665.syrah2.fq.gz ERR458665.SNF2.BR24.L5.syrah2.fq.gz"
"174","mv ERR458666.syrah2.fq.gz ERR458666.SNF2.BR24.L6.syrah2.fq.gz"
"175","mv ERR458667.syrah2.fq.gz ERR458667.SNF2.BR24.L7.syrah2.fq.gz"
"176","mv ERR458668.syrah2.fq.gz ERR458668.SNF2.BR25.L1.syrah2.fq.gz"
"177","mv ERR458669.syrah2.fq.gz ERR458669.SNF2.BR25.L2.syrah2.fq.gz"
"178","mv ERR458670.syrah2.fq.gz ERR458670.SNF2.BR25.L3.syrah2.fq.gz"
"179","mv ERR458671.syrah2.fq.gz ERR458671.SNF2.BR25.L4.syrah2.fq.gz"
"180","mv ERR458672.syrah2.fq.gz ERR458672.SNF2.BR25.L5.syrah2.fq.gz"
"181","mv ERR458673.syrah2.fq.gz ERR458673.SNF2.BR25.L6.syrah2.fq.gz"
"182","mv ERR458674.syrah2.fq.gz ERR458674.SNF2.BR25.L7.syrah2.fq.gz"
"183","mv ERR458675.syrah2.fq.gz ERR458675.SNF2.BR26.L1.syrah2.fq.gz"
"184","mv ERR458676.syrah2.fq.gz ERR458676.SNF2.BR26.L2.syrah2.fq.gz"
"185","mv ERR458677.syrah2.fq.gz ERR458677.SNF2.BR26.L3.syrah2.fq.gz"
"186","mv ERR458678.syrah2.fq.gz ERR458678.SNF2.BR26.L4.syrah2.fq.gz"
"187","mv ERR458679.syrah2.fq.gz ERR458679.SNF2.BR26.L5.syrah2.fq.gz"
"188","mv ERR458680.syrah2.fq.gz ERR458680.SNF2.BR26.L6.syrah2.fq.gz"
"189","mv ERR458681.syrah2.fq.gz ERR458681.SNF2.BR26.L7.syrah2.fq.gz"
"190","mv ERR458682.syrah2.fq.gz ERR458682.SNF2.BR27.L1.syrah2.fq.gz"
"191","mv ERR458683.syrah2.fq.gz ERR458683.SNF2.BR27.L2.syrah2.fq.gz"
"192","mv ERR458684.syrah2.fq.gz ERR458684.SNF2.BR27.L3.syrah2.fq.gz"
"193","mv ERR458685.syrah2.fq.gz ERR458685.SNF2.BR27.L4.syrah2.fq.gz"
"194","mv ERR458686.syrah2.fq.gz ERR458686.SNF2.BR27.L5.syrah2.fq.gz"
"195","mv ERR458687.syrah2.fq.gz ERR458687.SNF2.BR27.L6.syrah2.fq.gz"
"196","mv ERR458688.syrah2.fq.gz ERR458688.SNF2.BR27.L7.syrah2.fq.gz"
"197","mv ERR458689.syrah2.fq.gz ERR458689.SNF2.BR28.L1.syrah2.fq.gz"
"198","mv ERR458690.syrah2.fq.gz ERR458690.SNF2.BR28.L2.syrah2.fq.gz"
"199","mv ERR458691.syrah2.fq.gz ERR458691.SNF2.BR28.L3.syrah2.fq.gz"
"200","mv ERR458692.syrah2.fq.gz ERR458692.SNF2.BR28.L4.syrah2.fq.gz"
"201","mv ERR458693.syrah2.fq.gz ERR458693.SNF2.BR28.L5.syrah2.fq.gz"
"202","mv ERR458694.syrah2.fq.gz ERR458694.SNF2.BR28.L6.syrah2.fq.gz"
"203","mv ERR458695.syrah2.fq.gz ERR458695.SNF2.BR28.L7.syrah2.fq.gz"
"204","mv ERR458696.syrah2.fq.gz ERR458696.SNF2.BR29.L1.syrah2.fq.gz"
"205","mv ERR458697.syrah2.fq.gz ERR458697.SNF2.BR29.L2.syrah2.fq.gz"
"206","mv ERR458698.syrah2.fq.gz ERR458698.SNF2.BR29.L3.syrah2.fq.gz"
"207","mv ERR458699.syrah2.fq.gz ERR458699.SNF2.BR29.L4.syrah2.fq.gz"
"208","mv ERR458700.syrah2.fq.gz ERR458700.SNF2.BR29.L5.syrah2.fq.gz"
"209","mv ERR458701.syrah2.fq.gz ERR458701.SNF2.BR29.L6.syrah2.fq.gz"
"210","mv ERR458702.syrah2.fq.gz ERR458702.SNF2.BR29.L7.syrah2.fq.gz"
"211","mv ERR458703.syrah2.fq.gz ERR458703.SNF2.BR30.L1.syrah2.fq.gz"
"212","mv ERR458704.syrah2.fq.gz ERR458704.SNF2.BR30.L2.syrah2.fq.gz"
"213","mv ERR458705.syrah2.fq.gz ERR458705.SNF2.BR30.L3.syrah2.fq.gz"
"214","mv ERR458706.syrah2.fq.gz ERR458706.SNF2.BR30.L4.syrah2.fq.gz"
"215","mv ERR458707.syrah2.fq.gz ERR458707.SNF2.BR30.L5.syrah2.fq.gz"
"216","mv ERR458708.syrah2.fq.gz ERR458708.SNF2.BR30.L6.syrah2.fq.gz"
"217","mv ERR458709.syrah2.fq.gz ERR458709.SNF2.BR30.L7.syrah2.fq.gz"
"218","mv ERR458710.syrah2.fq.gz ERR458710.SNF2.BR31.L1.syrah2.fq.gz"
"219","mv ERR458711.syrah2.fq.gz ERR458711.SNF2.BR31.L2.syrah2.fq.gz"
"220","mv ERR458712.syrah2.fq.gz ERR458712.SNF2.BR31.L3.syrah2.fq.gz"
"221","mv ERR458713.syrah2.fq.gz ERR458713.SNF2.BR31.L4.syrah2.fq.gz"
"222","mv ERR458714.syrah2.fq.gz ERR458714.SNF2.BR31.L5.syrah2.fq.gz"
"223","mv ERR458715.syrah2.fq.gz ERR458715.SNF2.BR31.L6.syrah2.fq.gz"
"224","mv ERR458716.syrah2.fq.gz ERR458716.SNF2.BR31.L7.syrah2.fq.gz"
"225","mv ERR458717.syrah2.fq.gz ERR458717.SNF2.BR32.L1.syrah2.fq.gz"
"226","mv ERR458718.syrah2.fq.gz ERR458718.SNF2.BR32.L2.syrah2.fq.gz"
"227","mv ERR458719.syrah2.fq.gz ERR458719.SNF2.BR32.L3.syrah2.fq.gz"
"228","mv ERR458720.syrah2.fq.gz ERR458720.SNF2.BR32.L4.syrah2.fq.gz"
"229","mv ERR458721.syrah2.fq.gz ERR458721.SNF2.BR32.L5.syrah2.fq.gz"
"230","mv ERR458722.syrah2.fq.gz ERR458722.SNF2.BR32.L6.syrah2.fq.gz"
"231","mv ERR458723.syrah2.fq.gz ERR458723.SNF2.BR32.L7.syrah2.fq.gz"
"232","mv ERR458724.syrah2.fq.gz ERR458724.SNF2.BR33.L1.syrah2.fq.gz"
"233","mv ERR458725.syrah2.fq.gz ERR458725.SNF2.BR33.L2.syrah2.fq.gz"
"234","mv ERR458726.syrah2.fq.gz ERR458726.SNF2.BR33.L3.syrah2.fq.gz"
"235","mv ERR458727.syrah2.fq.gz ERR458727.SNF2.BR33.L4.syrah2.fq.gz"
"236","mv ERR458728.syrah2.fq.gz ERR458728.SNF2.BR33.L5.syrah2.fq.gz"
"237","mv ERR458729.syrah2.fq.gz ERR458729.SNF2.BR33.L6.syrah2.fq.gz"
"238","mv ERR458730.syrah2.fq.gz ERR458730.SNF2.BR33.L7.syrah2.fq.gz"
"239","mv ERR458731.syrah2.fq.gz ERR458731.SNF2.BR34.L1.syrah2.fq.gz"
"240","mv ERR458732.syrah2.fq.gz ERR458732.SNF2.BR34.L2.syrah2.fq.gz"
"241","mv ERR458733.syrah2.fq.gz ERR458733.SNF2.BR34.L3.syrah2.fq.gz"
"242","mv ERR458734.syrah2.fq.gz ERR458734.SNF2.BR34.L4.syrah2.fq.gz"
"243","mv ERR458735.syrah2.fq.gz ERR458735.SNF2.BR34.L5.syrah2.fq.gz"
"244","mv ERR458736.syrah2.fq.gz ERR458736.SNF2.BR34.L6.syrah2.fq.gz"
"245","mv ERR458737.syrah2.fq.gz ERR458737.SNF2.BR34.L7.syrah2.fq.gz"
"246","mv ERR458738.syrah2.fq.gz ERR458738.SNF2.BR35.L1.syrah2.fq.gz"
"247","mv ERR458739.syrah2.fq.gz ERR458739.SNF2.BR35.L2.syrah2.fq.gz"
"248","mv ERR458740.syrah2.fq.gz ERR458740.SNF2.BR35.L3.syrah2.fq.gz"
"249","mv ERR458741.syrah2.fq.gz ERR458741.SNF2.BR35.L4.syrah2.fq.gz"
"250","mv ERR458742.syrah2.fq.gz ERR458742.SNF2.BR35.L5.syrah2.fq.gz"
"251","mv ERR458743.syrah2.fq.gz ERR458743.SNF2.BR35.L6.syrah2.fq.gz"
"252","mv ERR458744.syrah2.fq.gz ERR458744.SNF2.BR35.L7.syrah2.fq.gz"
"253","mv ERR458745.syrah2.fq.gz ERR458745.SNF2.BR36.L1.syrah2.fq.gz"
"254","mv ERR458746.syrah2.fq.gz ERR458746.SNF2.BR36.L2.syrah2.fq.gz"
"255","mv ERR458747.syrah2.fq.gz ERR458747.SNF2.BR36.L3.syrah2.fq.gz"
"256","mv ERR458748.syrah2.fq.gz ERR458748.SNF2.BR36.L4.syrah2.fq.gz"
"257","mv ERR458749.syrah2.fq.gz ERR458749.SNF2.BR36.L5.syrah2.fq.gz"
"258","mv ERR458750.syrah2.fq.gz ERR458750.SNF2.BR36.L6.syrah2.fq.gz"
"259","mv ERR458751.syrah2.fq.gz ERR458751.SNF2.BR36.L7.syrah2.fq.gz"
"260","mv ERR458752.syrah2.fq.gz ERR458752.SNF2.BR37.L1.syrah2.fq.gz"
"261","mv ERR458753.syrah2.fq.gz ERR458753.SNF2.BR37.L2.syrah2.fq.gz"
"262","mv ERR458754.syrah2.fq.gz ERR458754.SNF2.BR37.L3.syrah2.fq.gz"
"263","mv ERR458755.syrah2.fq.gz ERR458755.SNF2.BR37.L4.syrah2.fq.gz"
"264","mv ERR458756.syrah2.fq.gz ERR458756.SNF2.BR37.L5.syrah2.fq.gz"
"265","mv ERR458757.syrah2.fq.gz ERR458757.SNF2.BR37.L6.syrah2.fq.gz"
"266","mv ERR458758.syrah2.fq.gz ERR458758.SNF2.BR37.L7.syrah2.fq.gz"
"267","mv ERR458759.syrah2.fq.gz ERR458759.SNF2.BR38.L1.syrah2.fq.gz"
"268","mv ERR458760.syrah2.fq.gz ERR458760.SNF2.BR38.L2.syrah2.fq.gz"
"269","mv ERR458761.syrah2.fq.gz ERR458761.SNF2.BR38.L3.syrah2.fq.gz"
"270","mv ERR458762.syrah2.fq.gz ERR458762.SNF2.BR38.L4.syrah2.fq.gz"
"271","mv ERR458763.syrah2.fq.gz ERR458763.SNF2.BR38.L5.syrah2.fq.gz"
"272","mv ERR458764.syrah2.fq.gz ERR458764.SNF2.BR38.L6.syrah2.fq.gz"
"273","mv ERR458765.syrah2.fq.gz ERR458765.SNF2.BR38.L7.syrah2.fq.gz"
"274","mv ERR458766.syrah2.fq.gz ERR458766.SNF2.BR39.L1.syrah2.fq.gz"
"275","mv ERR458767.syrah2.fq.gz ERR458767.SNF2.BR39.L2.syrah2.fq.gz"
"276","mv ERR458768.syrah2.fq.gz ERR458768.SNF2.BR39.L3.syrah2.fq.gz"
"277","mv ERR458769.syrah2.fq.gz ERR458769.SNF2.BR39.L4.syrah2.fq.gz"
"278","mv ERR458770.syrah2.fq.gz ERR458770.SNF2.BR39.L5.syrah2.fq.gz"
"279","mv ERR458771.syrah2.fq.gz ERR458771.SNF2.BR39.L6.syrah2.fq.gz"
"280","mv ERR458772.syrah2.fq.gz ERR458772.SNF2.BR39.L7.syrah2.fq.gz"
"281","mv ERR458773.syrah2.fq.gz ERR458773.SNF2.BR40.L1.syrah2.fq.gz"
"282","mv ERR458774.syrah2.fq.gz ERR458774.SNF2.BR40.L2.syrah2.fq.gz"
"283","mv ERR458775.syrah2.fq.gz ERR458775.SNF2.BR40.L3.syrah2.fq.gz"
"284","mv ERR458776.syrah2.fq.gz ERR458776.SNF2.BR40.L4.syrah2.fq.gz"
"285","mv ERR458777.syrah2.fq.gz ERR458777.SNF2.BR40.L5.syrah2.fq.gz"
"286","mv ERR458778.syrah2.fq.gz ERR458778.SNF2.BR40.L6.syrah2.fq.gz"
"287","mv ERR458779.syrah2.fq.gz ERR458779.SNF2.BR40.L7.syrah2.fq.gz"
"288","mv ERR458780.syrah2.fq.gz ERR458780.SNF2.BR41.L1.syrah2.fq.gz"
"289","mv ERR458781.syrah2.fq.gz ERR458781.SNF2.BR41.L2.syrah2.fq.gz"
"290","mv ERR458782.syrah2.fq.gz ERR458782.SNF2.BR41.L3.syrah2.fq.gz"
"291","mv ERR458783.syrah2.fq.gz ERR458783.SNF2.BR41.L4.syrah2.fq.gz"
"292","mv ERR458784.syrah2.fq.gz ERR458784.SNF2.BR41.L5.syrah2.fq.gz"
"293","mv ERR458785.syrah2.fq.gz ERR458785.SNF2.BR41.L6.syrah2.fq.gz"
"294","mv ERR458786.syrah2.fq.gz ERR458786.SNF2.BR41.L7.syrah2.fq.gz"
"295","mv ERR458787.syrah2.fq.gz ERR458787.SNF2.BR42.L1.syrah2.fq.gz"
"296","mv ERR458788.syrah2.fq.gz ERR458788.SNF2.BR42.L2.syrah2.fq.gz"
"297","mv ERR458789.syrah2.fq.gz ERR458789.SNF2.BR42.L3.syrah2.fq.gz"
"298","mv ERR458790.syrah2.fq.gz ERR458790.SNF2.BR42.L4.syrah2.fq.gz"
"299","mv ERR458791.syrah2.fq.gz ERR458791.SNF2.BR42.L5.syrah2.fq.gz"
"300","mv ERR458792.syrah2.fq.gz ERR458792.SNF2.BR42.L6.syrah2.fq.gz"
"301","mv ERR458793.syrah2.fq.gz ERR458793.SNF2.BR42.L7.syrah2.fq.gz"
"302","mv ERR458794.syrah2.fq.gz ERR458794.SNF2.BR43.L1.syrah2.fq.gz"
"303","mv ERR458795.syrah2.fq.gz ERR458795.SNF2.BR43.L2.syrah2.fq.gz"
"304","mv ERR458796.syrah2.fq.gz ERR458796.SNF2.BR43.L3.syrah2.fq.gz"
"305","mv ERR458797.syrah2.fq.gz ERR458797.SNF2.BR43.L4.syrah2.fq.gz"
"306","mv ERR458798.syrah2.fq.gz ERR458798.SNF2.BR43.L5.syrah2.fq.gz"
"307","mv ERR458799.syrah2.fq.gz ERR458799.SNF2.BR43.L6.syrah2.fq.gz"
"308","mv ERR458800.syrah2.fq.gz ERR458800.SNF2.BR43.L7.syrah2.fq.gz"
"309","mv ERR458801.syrah2.fq.gz ERR458801.SNF2.BR44.L1.syrah2.fq.gz"
"310","mv ERR458802.syrah2.fq.gz ERR458802.SNF2.BR44.L2.syrah2.fq.gz"
"311","mv ERR458803.syrah2.fq.gz ERR458803.SNF2.BR44.L3.syrah2.fq.gz"
"312","mv ERR458804.syrah2.fq.gz ERR458804.SNF2.BR44.L4.syrah2.fq.gz"
"313","mv ERR458805.syrah2.fq.gz ERR458805.SNF2.BR44.L5.syrah2.fq.gz"
"314","mv ERR458806.syrah2.fq.gz ERR458806.SNF2.BR44.L6.syrah2.fq.gz"
"315","mv ERR458807.syrah2.fq.gz ERR458807.SNF2.BR44.L7.syrah2.fq.gz"
"316","mv ERR458808.syrah2.fq.gz ERR458808.SNF2.BR45.L1.syrah2.fq.gz"
"317","mv ERR458809.syrah2.fq.gz ERR458809.SNF2.BR45.L2.syrah2.fq.gz"
"318","mv ERR458810.syrah2.fq.gz ERR458810.SNF2.BR45.L3.syrah2.fq.gz"
"319","mv ERR458811.syrah2.fq.gz ERR458811.SNF2.BR45.L4.syrah2.fq.gz"
"320","mv ERR458812.syrah2.fq.gz ERR458812.SNF2.BR45.L5.syrah2.fq.gz"
"321","mv ERR458813.syrah2.fq.gz ERR458813.SNF2.BR45.L6.syrah2.fq.gz"
"322","mv ERR458814.syrah2.fq.gz ERR458814.SNF2.BR45.L7.syrah2.fq.gz"
"323","mv ERR458815.syrah2.fq.gz ERR458815.SNF2.BR46.L1.syrah2.fq.gz"
"324","mv ERR458816.syrah2.fq.gz ERR458816.SNF2.BR46.L2.syrah2.fq.gz"
"325","mv ERR458817.syrah2.fq.gz ERR458817.SNF2.BR46.L3.syrah2.fq.gz"
"326","mv ERR458818.syrah2.fq.gz ERR458818.SNF2.BR46.L4.syrah2.fq.gz"
"327","mv ERR458819.syrah2.fq.gz ERR458819.SNF2.BR46.L5.syrah2.fq.gz"
"328","mv ERR458820.syrah2.fq.gz ERR458820.SNF2.BR46.L6.syrah2.fq.gz"
"329","mv ERR458821.syrah2.fq.gz ERR458821.SNF2.BR46.L7.syrah2.fq.gz"
"330","mv ERR458822.syrah2.fq.gz ERR458822.SNF2.BR47.L1.syrah2.fq.gz"
"331","mv ERR458823.syrah2.fq.gz ERR458823.SNF2.BR47.L2.syrah2.fq.gz"
"332","mv ERR458824.syrah2.fq.gz ERR458824.SNF2.BR47.L3.syrah2.fq.gz"
"333","mv ERR458825.syrah2.fq.gz ERR458825.SNF2.BR47.L4.syrah2.fq.gz"
"334","mv ERR458826.syrah2.fq.gz ERR458826.SNF2.BR47.L5.syrah2.fq.gz"
"335","mv ERR458827.syrah2.fq.gz ERR458827.SNF2.BR47.L6.syrah2.fq.gz"
"336","mv ERR458828.syrah2.fq.gz ERR458828.SNF2.BR47.L7.syrah2.fq.gz"
"337","mv ERR458829.syrah2.fq.gz ERR458829.SNF2.BR48.L1.syrah2.fq.gz"
"338","mv ERR458830.syrah2.fq.gz ERR458830.SNF2.BR48.L2.syrah2.fq.gz"
"339","mv ERR458831.syrah2.fq.gz ERR458831.SNF2.BR48.L3.syrah2.fq.gz"
"340","mv ERR458832.syrah2.fq.gz ERR458832.SNF2.BR48.L4.syrah2.fq.gz"
"341","mv ERR458833.syrah2.fq.gz ERR458833.SNF2.BR48.L5.syrah2.fq.gz"
"342","mv ERR458834.syrah2.fq.gz ERR458834.SNF2.BR48.L6.syrah2.fq.gz"
"343","mv ERR458835.syrah2.fq.gz ERR458835.SNF2.BR48.L7.syrah2.fq.gz"
"344","mv ERR458878.syrah2.fq.gz ERR458878.WT.BR2.L1.syrah2.fq.gz"
"345","mv ERR458879.syrah2.fq.gz ERR458879.WT.BR2.L2.syrah2.fq.gz"
"346","mv ERR458880.syrah2.fq.gz ERR458880.WT.BR2.L3.syrah2.fq.gz"
"347","mv ERR458881.syrah2.fq.gz ERR458881.WT.BR2.L4.syrah2.fq.gz"
"348","mv ERR458882.syrah2.fq.gz ERR458882.WT.BR2.L5.syrah2.fq.gz"
"349","mv ERR458883.syrah2.fq.gz ERR458883.WT.BR2.L6.syrah2.fq.gz"
"350","mv ERR458884.syrah2.fq.gz ERR458884.WT.BR2.L7.syrah2.fq.gz"
"351","mv ERR458885.syrah2.fq.gz ERR458885.WT.BR3.L1.syrah2.fq.gz"
"352","mv ERR458886.syrah2.fq.gz ERR458886.WT.BR3.L2.syrah2.fq.gz"
"353","mv ERR458887.syrah2.fq.gz ERR458887.WT.BR3.L3.syrah2.fq.gz"
"354","mv ERR458888.syrah2.fq.gz ERR458888.WT.BR3.L4.syrah2.fq.gz"
"355","mv ERR458889.syrah2.fq.gz ERR458889.WT.BR3.L5.syrah2.fq.gz"
"356","mv ERR458890.syrah2.fq.gz ERR458890.WT.BR3.L6.syrah2.fq.gz"
"357","mv ERR458891.syrah2.fq.gz ERR458891.WT.BR3.L7.syrah2.fq.gz"
"358","mv ERR458892.syrah2.fq.gz ERR458892.WT.BR4.L1.syrah2.fq.gz"
"359","mv ERR458893.syrah2.fq.gz ERR458893.WT.BR4.L2.syrah2.fq.gz"
"360","mv ERR458894.syrah2.fq.gz ERR458894.WT.BR4.L3.syrah2.fq.gz"
"361","mv ERR458895.syrah2.fq.gz ERR458895.WT.BR4.L4.syrah2.fq.gz"
"362","mv ERR458896.syrah2.fq.gz ERR458896.WT.BR4.L5.syrah2.fq.gz"
"363","mv ERR458897.syrah2.fq.gz ERR458897.WT.BR4.L6.syrah2.fq.gz"
"364","mv ERR458898.syrah2.fq.gz ERR458898.WT.BR4.L7.syrah2.fq.gz"
"365","mv ERR458899.syrah2.fq.gz ERR458899.WT.BR5.L1.syrah2.fq.gz"
"366","mv ERR458900.syrah2.fq.gz ERR458900.WT.BR5.L2.syrah2.fq.gz"
"367","mv ERR458901.syrah2.fq.gz ERR458901.WT.BR5.L3.syrah2.fq.gz"
"368","mv ERR458902.syrah2.fq.gz ERR458902.WT.BR5.L4.syrah2.fq.gz"
"369","mv ERR458903.syrah2.fq.gz ERR458903.WT.BR5.L5.syrah2.fq.gz"
"370","mv ERR458904.syrah2.fq.gz ERR458904.WT.BR5.L6.syrah2.fq.gz"
"371","mv ERR458905.syrah2.fq.gz ERR458905.WT.BR5.L7.syrah2.fq.gz"
"372","mv ERR458906.syrah2.fq.gz ERR458906.WT.BR6.L1.syrah2.fq.gz"
"373","mv ERR458907.syrah2.fq.gz ERR458907.WT.BR6.L2.syrah2.fq.gz"
"374","mv ERR458908.syrah2.fq.gz ERR458908.WT.BR6.L3.syrah2.fq.gz"
"375","mv ERR458909.syrah2.fq.gz ERR458909.WT.BR6.L4.syrah2.fq.gz"
"376","mv ERR458910.syrah2.fq.gz ERR458910.WT.BR6.L5.syrah2.fq.gz"
"377","mv ERR458911.syrah2.fq.gz ERR458911.WT.BR6.L6.syrah2.fq.gz"
"378","mv ERR458912.syrah2.fq.gz ERR458912.WT.BR6.L7.syrah2.fq.gz"
"379","mv ERR458913.syrah2.fq.gz ERR458913.WT.BR7.L1.syrah2.fq.gz"
"380","mv ERR458914.syrah2.fq.gz ERR458914.WT.BR7.L2.syrah2.fq.gz"
"381","mv ERR458915.syrah2.fq.gz ERR458915.WT.BR7.L3.syrah2.fq.gz"
"382","mv ERR458916.syrah2.fq.gz ERR458916.WT.BR7.L4.syrah2.fq.gz"
"383","mv ERR458917.syrah2.fq.gz ERR458917.WT.BR7.L5.syrah2.fq.gz"
"384","mv ERR458918.syrah2.fq.gz ERR458918.WT.BR7.L6.syrah2.fq.gz"
"385","mv ERR458919.syrah2.fq.gz ERR458919.WT.BR7.L7.syrah2.fq.gz"
"386","mv ERR458920.syrah2.fq.gz ERR458920.WT.BR8.L1.syrah2.fq.gz"
"387","mv ERR458921.syrah2.fq.gz ERR458921.WT.BR8.L2.syrah2.fq.gz"
"388","mv ERR458922.syrah2.fq.gz ERR458922.WT.BR8.L3.syrah2.fq.gz"
"389","mv ERR458923.syrah2.fq.gz ERR458923.WT.BR8.L4.syrah2.fq.gz"
"390","mv ERR458924.syrah2.fq.gz ERR458924.WT.BR8.L5.syrah2.fq.gz"
"391","mv ERR458925.syrah2.fq.gz ERR458925.WT.BR8.L6.syrah2.fq.gz"
"392","mv ERR458926.syrah2.fq.gz ERR458926.WT.BR8.L7.syrah2.fq.gz"
"393","mv ERR458927.syrah2.fq.gz ERR458927.WT.BR9.L1.syrah2.fq.gz"
"394","mv ERR458928.syrah2.fq.gz ERR458928.WT.BR9.L2.syrah2.fq.gz"
"395","mv ERR458929.syrah2.fq.gz ERR458929.WT.BR9.L3.syrah2.fq.gz"
"396","mv ERR458930.syrah2.fq.gz ERR458930.WT.BR9.L4.syrah2.fq.gz"
"397","mv ERR458931.syrah2.fq.gz ERR458931.WT.BR9.L5.syrah2.fq.gz"
"398","mv ERR458932.syrah2.fq.gz ERR458932.WT.BR9.L6.syrah2.fq.gz"
"399","mv ERR458933.syrah2.fq.gz ERR458933.WT.BR9.L7.syrah2.fq.gz"
"400","mv ERR458934.syrah2.fq.gz ERR458934.WT.BR10.L1.syrah2.fq.gz"
"401","mv ERR458935.syrah2.fq.gz ERR458935.WT.BR10.L2.syrah2.fq.gz"
"402","mv ERR458936.syrah2.fq.gz ERR458936.WT.BR10.L3.syrah2.fq.gz"
"403","mv ERR458937.syrah2.fq.gz ERR458937.WT.BR10.L4.syrah2.fq.gz"
"404","mv ERR458938.syrah2.fq.gz ERR458938.WT.BR10.L5.syrah2.fq.gz"
"405","mv ERR458939.syrah2.fq.gz ERR458939.WT.BR10.L6.syrah2.fq.gz"
"406","mv ERR458940.syrah2.fq.gz ERR458940.WT.BR10.L7.syrah2.fq.gz"
"407","mv ERR458941.syrah2.fq.gz ERR458941.WT.BR11.L1.syrah2.fq.gz"
"408","mv ERR458942.syrah2.fq.gz ERR458942.WT.BR11.L2.syrah2.fq.gz"
"409","mv ERR458943.syrah2.fq.gz ERR458943.WT.BR11.L3.syrah2.fq.gz"
"410","mv ERR458944.syrah2.fq.gz ERR458944.WT.BR11.L4.syrah2.fq.gz"
"411","mv ERR458945.syrah2.fq.gz ERR458945.WT.BR11.L5.syrah2.fq.gz"
"412","mv ERR458946.syrah2.fq.gz ERR458946.WT.BR11.L6.syrah2.fq.gz"
"413","mv ERR458947.syrah2.fq.gz ERR458947.WT.BR11.L7.syrah2.fq.gz"
"414","mv ERR458948.syrah2.fq.gz ERR458948.WT.BR12.L1.syrah2.fq.gz"
"415","mv ERR458949.syrah2.fq.gz ERR458949.WT.BR12.L2.syrah2.fq.gz"
"416","mv ERR458950.syrah2.fq.gz ERR458950.WT.BR12.L3.syrah2.fq.gz"
"417","mv ERR458951.syrah2.fq.gz ERR458951.WT.BR12.L4.syrah2.fq.gz"
"418","mv ERR458952.syrah2.fq.gz ERR458952.WT.BR12.L5.syrah2.fq.gz"
"419","mv ERR458953.syrah2.fq.gz ERR458953.WT.BR12.L6.syrah2.fq.gz"
"420","mv ERR458954.syrah2.fq.gz ERR458954.WT.BR12.L7.syrah2.fq.gz"
"421","mv ERR458955.syrah2.fq.gz ERR458955.WT.BR13.L1.syrah2.fq.gz"
"422","mv ERR458956.syrah2.fq.gz ERR458956.WT.BR13.L2.syrah2.fq.gz"
"423","mv ERR458957.syrah2.fq.gz ERR458957.WT.BR13.L3.syrah2.fq.gz"
"424","mv ERR458958.syrah2.fq.gz ERR458958.WT.BR13.L4.syrah2.fq.gz"
"425","mv ERR458959.syrah2.fq.gz ERR458959.WT.BR13.L5.syrah2.fq.gz"
"426","mv ERR458960.syrah2.fq.gz ERR458960.WT.BR13.L6.syrah2.fq.gz"
"427","mv ERR458961.syrah2.fq.gz ERR458961.WT.BR13.L7.syrah2.fq.gz"
"428","mv ERR458962.syrah2.fq.gz ERR458962.WT.BR14.L1.syrah2.fq.gz"
"429","mv ERR458963.syrah2.fq.gz ERR458963.WT.BR14.L2.syrah2.fq.gz"
"430","mv ERR458964.syrah2.fq.gz ERR458964.WT.BR14.L3.syrah2.fq.gz"
"431","mv ERR458965.syrah2.fq.gz ERR458965.WT.BR14.L4.syrah2.fq.gz"
"432","mv ERR458966.syrah2.fq.gz ERR458966.WT.BR14.L5.syrah2.fq.gz"
"433","mv ERR458967.syrah2.fq.gz ERR458967.WT.BR14.L6.syrah2.fq.gz"
"434","mv ERR458968.syrah2.fq.gz ERR458968.WT.BR14.L7.syrah2.fq.gz"
"435","mv ERR458969.syrah2.fq.gz ERR458969.WT.BR15.L1.syrah2.fq.gz"
"436","mv ERR458970.syrah2.fq.gz ERR458970.WT.BR15.L2.syrah2.fq.gz"
"437","mv ERR458971.syrah2.fq.gz ERR458971.WT.BR15.L3.syrah2.fq.gz"
"438","mv ERR458972.syrah2.fq.gz ERR458972.WT.BR15.L4.syrah2.fq.gz"
"439","mv ERR458973.syrah2.fq.gz ERR458973.WT.BR15.L5.syrah2.fq.gz"
"440","mv ERR458974.syrah2.fq.gz ERR458974.WT.BR15.L6.syrah2.fq.gz"
"441","mv ERR458975.syrah2.fq.gz ERR458975.WT.BR15.L7.syrah2.fq.gz"
"442","mv ERR458976.syrah2.fq.gz ERR458976.WT.BR16.L1.syrah2.fq.gz"
"443","mv ERR458977.syrah2.fq.gz ERR458977.WT.BR16.L2.syrah2.fq.gz"
"444","mv ERR458978.syrah2.fq.gz ERR458978.WT.BR16.L3.syrah2.fq.gz"
"445","mv ERR458979.syrah2.fq.gz ERR458979.WT.BR16.L4.syrah2.fq.gz"
"446","mv ERR458980.syrah2.fq.gz ERR458980.WT.BR16.L5.syrah2.fq.gz"
"447","mv ERR458981.syrah2.fq.gz ERR458981.WT.BR16.L6.syrah2.fq.gz"
"448","mv ERR458982.syrah2.fq.gz ERR458982.WT.BR16.L7.syrah2.fq.gz"
"449","mv ERR458983.syrah2.fq.gz ERR458983.WT.BR17.L1.syrah2.fq.gz"
"450","mv ERR458984.syrah2.fq.gz ERR458984.WT.BR17.L2.syrah2.fq.gz"
"451","mv ERR458985.syrah2.fq.gz ERR458985.WT.BR17.L3.syrah2.fq.gz"
"452","mv ERR458986.syrah2.fq.gz ERR458986.WT.BR17.L4.syrah2.fq.gz"
"453","mv ERR458987.syrah2.fq.gz ERR458987.WT.BR17.L5.syrah2.fq.gz"
"454","mv ERR458988.syrah2.fq.gz ERR458988.WT.BR17.L6.syrah2.fq.gz"
"455","mv ERR458989.syrah2.fq.gz ERR458989.WT.BR17.L7.syrah2.fq.gz"
"456","mv ERR458990.syrah2.fq.gz ERR458990.WT.BR18.L1.syrah2.fq.gz"
"457","mv ERR458991.syrah2.fq.gz ERR458991.WT.BR18.L2.syrah2.fq.gz"
"458","mv ERR458992.syrah2.fq.gz ERR458992.WT.BR18.L3.syrah2.fq.gz"
"459","mv ERR458993.syrah2.fq.gz ERR458993.WT.BR18.L4.syrah2.fq.gz"
"460","mv ERR458994.syrah2.fq.gz ERR458994.WT.BR18.L5.syrah2.fq.gz"
"461","mv ERR458995.syrah2.fq.gz ERR458995.WT.BR18.L6.syrah2.fq.gz"
"462","mv ERR458996.syrah2.fq.gz ERR458996.WT.BR18.L7.syrah2.fq.gz"
"463","mv ERR458997.syrah2.fq.gz ERR458997.WT.BR19.L1.syrah2.fq.gz"
"464","mv ERR458998.syrah2.fq.gz ERR458998.WT.BR19.L2.syrah2.fq.gz"
"465","mv ERR458999.syrah2.fq.gz ERR458999.WT.BR19.L3.syrah2.fq.gz"
"466","mv ERR459000.syrah2.fq.gz ERR459000.WT.BR19.L4.syrah2.fq.gz"
"467","mv ERR459001.syrah2.fq.gz ERR459001.WT.BR19.L5.syrah2.fq.gz"
"468","mv ERR459002.syrah2.fq.gz ERR459002.WT.BR19.L6.syrah2.fq.gz"
"469","mv ERR459003.syrah2.fq.gz ERR459003.WT.BR19.L7.syrah2.fq.gz"
"470","mv ERR459004.syrah2.fq.gz ERR459004.WT.BR20.L1.syrah2.fq.gz"
"471","mv ERR459005.syrah2.fq.gz ERR459005.WT.BR20.L2.syrah2.fq.gz"
"472","mv ERR459006.syrah2.fq.gz ERR459006.WT.BR20.L3.syrah2.fq.gz"
"473","mv ERR459007.syrah2.fq.gz ERR459007.WT.BR20.L4.syrah2.fq.gz"
"474","mv ERR459008.syrah2.fq.gz ERR459008.WT.BR20.L5.syrah2.fq.gz"
"475","mv ERR459009.syrah2.fq.gz ERR459009.WT.BR20.L6.syrah2.fq.gz"
"476","mv ERR459010.syrah2.fq.gz ERR459010.WT.BR20.L7.syrah2.fq.gz"
"477","mv ERR459011.syrah2.fq.gz ERR459011.WT.BR21.L1.syrah2.fq.gz"
"478","mv ERR459012.syrah2.fq.gz ERR459012.WT.BR21.L2.syrah2.fq.gz"
"479","mv ERR459013.syrah2.fq.gz ERR459013.WT.BR21.L3.syrah2.fq.gz"
"480","mv ERR459014.syrah2.fq.gz ERR459014.WT.BR21.L4.syrah2.fq.gz"
"481","mv ERR459015.syrah2.fq.gz ERR459015.WT.BR21.L5.syrah2.fq.gz"
"482","mv ERR459016.syrah2.fq.gz ERR459016.WT.BR21.L6.syrah2.fq.gz"
"483","mv ERR459017.syrah2.fq.gz ERR459017.WT.BR21.L7.syrah2.fq.gz"
"484","mv ERR459018.syrah2.fq.gz ERR459018.WT.BR22.L1.syrah2.fq.gz"
"485","mv ERR459019.syrah2.fq.gz ERR459019.WT.BR22.L2.syrah2.fq.gz"
"486","mv ERR459020.syrah2.fq.gz ERR459020.WT.BR22.L3.syrah2.fq.gz"
"487","mv ERR459021.syrah2.fq.gz ERR459021.WT.BR22.L4.syrah2.fq.gz"
"488","mv ERR459022.syrah2.fq.gz ERR459022.WT.BR22.L5.syrah2.fq.gz"
"489","mv ERR459023.syrah2.fq.gz ERR459023.WT.BR22.L6.syrah2.fq.gz"
"490","mv ERR459024.syrah2.fq.gz ERR459024.WT.BR22.L7.syrah2.fq.gz"
"491","mv ERR459025.syrah2.fq.gz ERR459025.WT.BR23.L1.syrah2.fq.gz"
"492","mv ERR459026.syrah2.fq.gz ERR459026.WT.BR23.L2.syrah2.fq.gz"
"493","mv ERR459027.syrah2.fq.gz ERR459027.WT.BR23.L3.syrah2.fq.gz"
"494","mv ERR459028.syrah2.fq.gz ERR459028.WT.BR23.L4.syrah2.fq.gz"
"495","mv ERR459029.syrah2.fq.gz ERR459029.WT.BR23.L5.syrah2.fq.gz"
"496","mv ERR459030.syrah2.fq.gz ERR459030.WT.BR23.L6.syrah2.fq.gz"
"497","mv ERR459031.syrah2.fq.gz ERR459031.WT.BR23.L7.syrah2.fq.gz"
"498","mv ERR459032.syrah2.fq.gz ERR459032.WT.BR24.L1.syrah2.fq.gz"
"499","mv ERR459033.syrah2.fq.gz ERR459033.WT.BR24.L2.syrah2.fq.gz"
"500","mv ERR459034.syrah2.fq.gz ERR459034.WT.BR24.L3.syrah2.fq.gz"
"501","mv ERR459035.syrah2.fq.gz ERR459035.WT.BR24.L4.syrah2.fq.gz"
"502","mv ERR459036.syrah2.fq.gz ERR459036.WT.BR24.L5.syrah2.fq.gz"
"503","mv ERR459037.syrah2.fq.gz ERR459037.WT.BR24.L6.syrah2.fq.gz"
"504","mv ERR459038.syrah2.fq.gz ERR459038.WT.BR24.L7.syrah2.fq.gz"
"505","mv ERR459039.syrah2.fq.gz ERR459039.WT.BR25.L1.syrah2.fq.gz"
"506","mv ERR459040.syrah2.fq.gz ERR459040.WT.BR25.L2.syrah2.fq.gz"
"507","mv ERR459041.syrah2.fq.gz ERR459041.WT.BR25.L3.syrah2.fq.gz"
"508","mv ERR459042.syrah2.fq.gz ERR459042.WT.BR25.L4.syrah2.fq.gz"
"509","mv ERR459043.syrah2.fq.gz ERR459043.WT.BR25.L5.syrah2.fq.gz"
"510","mv ERR459044.syrah2.fq.gz ERR459044.WT.BR25.L6.syrah2.fq.gz"
"511","mv ERR459045.syrah2.fq.gz ERR459045.WT.BR25.L7.syrah2.fq.gz"
"512","mv ERR459046.syrah2.fq.gz ERR459046.WT.BR26.L1.syrah2.fq.gz"
"513","mv ERR459047.syrah2.fq.gz ERR459047.WT.BR26.L2.syrah2.fq.gz"
"514","mv ERR459048.syrah2.fq.gz ERR459048.WT.BR26.L3.syrah2.fq.gz"
"515","mv ERR459049.syrah2.fq.gz ERR459049.WT.BR26.L4.syrah2.fq.gz"
"516","mv ERR459050.syrah2.fq.gz ERR459050.WT.BR26.L5.syrah2.fq.gz"
"517","mv ERR459051.syrah2.fq.gz ERR459051.WT.BR26.L6.syrah2.fq.gz"
"518","mv ERR459052.syrah2.fq.gz ERR459052.WT.BR26.L7.syrah2.fq.gz"
"519","mv ERR459053.syrah2.fq.gz ERR459053.WT.BR27.L1.syrah2.fq.gz"
"520","mv ERR459054.syrah2.fq.gz ERR459054.WT.BR27.L2.syrah2.fq.gz"
"521","mv ERR459055.syrah2.fq.gz ERR459055.WT.BR27.L3.syrah2.fq.gz"
"522","mv ERR459056.syrah2.fq.gz ERR459056.WT.BR27.L4.syrah2.fq.gz"
"523","mv ERR459057.syrah2.fq.gz ERR459057.WT.BR27.L5.syrah2.fq.gz"
"524","mv ERR459058.syrah2.fq.gz ERR459058.WT.BR27.L6.syrah2.fq.gz"
"525","mv ERR459059.syrah2.fq.gz ERR459059.WT.BR27.L7.syrah2.fq.gz"
"526","mv ERR459060.syrah2.fq.gz ERR459060.WT.BR28.L1.syrah2.fq.gz"
"527","mv ERR459061.syrah2.fq.gz ERR459061.WT.BR28.L2.syrah2.fq.gz"
"528","mv ERR459062.syrah2.fq.gz ERR459062.WT.BR28.L3.syrah2.fq.gz"
"529","mv ERR459063.syrah2.fq.gz ERR459063.WT.BR28.L4.syrah2.fq.gz"
"530","mv ERR459064.syrah2.fq.gz ERR459064.WT.BR28.L5.syrah2.fq.gz"
"531","mv ERR459065.syrah2.fq.gz ERR459065.WT.BR28.L6.syrah2.fq.gz"
"532","mv ERR459066.syrah2.fq.gz ERR459066.WT.BR28.L7.syrah2.fq.gz"
"533","mv ERR459067.syrah2.fq.gz ERR459067.WT.BR29.L1.syrah2.fq.gz"
"534","mv ERR459068.syrah2.fq.gz ERR459068.WT.BR29.L2.syrah2.fq.gz"
"535","mv ERR459069.syrah2.fq.gz ERR459069.WT.BR29.L3.syrah2.fq.gz"
"536","mv ERR459070.syrah2.fq.gz ERR459070.WT.BR29.L4.syrah2.fq.gz"
"537","mv ERR459071.syrah2.fq.gz ERR459071.WT.BR29.L5.syrah2.fq.gz"
"538","mv ERR459072.syrah2.fq.gz ERR459072.WT.BR29.L6.syrah2.fq.gz"
"539","mv ERR459073.syrah2.fq.gz ERR459073.WT.BR29.L7.syrah2.fq.gz"
"540","mv ERR459074.syrah2.fq.gz ERR459074.WT.BR30.L1.syrah2.fq.gz"
"541","mv ERR459075.syrah2.fq.gz ERR459075.WT.BR30.L2.syrah2.fq.gz"
"542","mv ERR459076.syrah2.fq.gz ERR459076.WT.BR30.L3.syrah2.fq.gz"
"543","mv ERR459077.syrah2.fq.gz ERR459077.WT.BR30.L4.syrah2.fq.gz"
"544","mv ERR459078.syrah2.fq.gz ERR459078.WT.BR30.L5.syrah2.fq.gz"
"545","mv ERR459079.syrah2.fq.gz ERR459079.WT.BR30.L6.syrah2.fq.gz"
"546","mv ERR459080.syrah2.fq.gz ERR459080.WT.BR30.L7.syrah2.fq.gz"
"547","mv ERR459081.syrah2.fq.gz ERR459081.WT.BR31.L1.syrah2.fq.gz"
"548","mv ERR459082.syrah2.fq.gz ERR459082.WT.BR31.L2.syrah2.fq.gz"
"549","mv ERR459083.syrah2.fq.gz ERR459083.WT.BR31.L3.syrah2.fq.gz"
"550","mv ERR459084.syrah2.fq.gz ERR459084.WT.BR31.L4.syrah2.fq.gz"
"551","mv ERR459085.syrah2.fq.gz ERR459085.WT.BR31.L5.syrah2.fq.gz"
"552","mv ERR459086.syrah2.fq.gz ERR459086.WT.BR31.L6.syrah2.fq.gz"
"553","mv ERR459087.syrah2.fq.gz ERR459087.WT.BR31.L7.syrah2.fq.gz"
"554","mv ERR459088.syrah2.fq.gz ERR459088.WT.BR32.L1.syrah2.fq.gz"
"555","mv ERR459089.syrah2.fq.gz ERR459089.WT.BR32.L2.syrah2.fq.gz"
"556","mv ERR459090.syrah2.fq.gz ERR459090.WT.BR32.L3.syrah2.fq.gz"
"557","mv ERR459091.syrah2.fq.gz ERR459091.WT.BR32.L4.syrah2.fq.gz"
"558","mv ERR459092.syrah2.fq.gz ERR459092.WT.BR32.L5.syrah2.fq.gz"
"559","mv ERR459093.syrah2.fq.gz ERR459093.WT.BR32.L6.syrah2.fq.gz"
"560","mv ERR459094.syrah2.fq.gz ERR459094.WT.BR32.L7.syrah2.fq.gz"
"561","mv ERR459095.syrah2.fq.gz ERR459095.WT.BR33.L1.syrah2.fq.gz"
"562","mv ERR459096.syrah2.fq.gz ERR459096.WT.BR33.L2.syrah2.fq.gz"
"563","mv ERR459097.syrah2.fq.gz ERR459097.WT.BR33.L3.syrah2.fq.gz"
"564","mv ERR459098.syrah2.fq.gz ERR459098.WT.BR33.L4.syrah2.fq.gz"
"565","mv ERR459099.syrah2.fq.gz ERR459099.WT.BR33.L5.syrah2.fq.gz"
"566","mv ERR459100.syrah2.fq.gz ERR459100.WT.BR33.L6.syrah2.fq.gz"
"567","mv ERR459101.syrah2.fq.gz ERR459101.WT.BR33.L7.syrah2.fq.gz"
"568","mv ERR459102.syrah2.fq.gz ERR459102.WT.BR34.L1.syrah2.fq.gz"
"569","mv ERR459103.syrah2.fq.gz ERR459103.WT.BR34.L2.syrah2.fq.gz"
"570","mv ERR459104.syrah2.fq.gz ERR459104.WT.BR34.L3.syrah2.fq.gz"
"571","mv ERR459105.syrah2.fq.gz ERR459105.WT.BR34.L4.syrah2.fq.gz"
"572","mv ERR459106.syrah2.fq.gz ERR459106.WT.BR34.L5.syrah2.fq.gz"
"573","mv ERR459107.syrah2.fq.gz ERR459107.WT.BR34.L6.syrah2.fq.gz"
"574","mv ERR459108.syrah2.fq.gz ERR459108.WT.BR34.L7.syrah2.fq.gz"
"575","mv ERR459109.syrah2.fq.gz ERR459109.WT.BR35.L1.syrah2.fq.gz"
"576","mv ERR459110.syrah2.fq.gz ERR459110.WT.BR35.L2.syrah2.fq.gz"
"577","mv ERR459111.syrah2.fq.gz ERR459111.WT.BR35.L3.syrah2.fq.gz"
"578","mv ERR459112.syrah2.fq.gz ERR459112.WT.BR35.L4.syrah2.fq.gz"
"579","mv ERR459113.syrah2.fq.gz ERR459113.WT.BR35.L5.syrah2.fq.gz"
"580","mv ERR459114.syrah2.fq.gz ERR459114.WT.BR35.L6.syrah2.fq.gz"
"581","mv ERR459115.syrah2.fq.gz ERR459115.WT.BR35.L7.syrah2.fq.gz"
"582","mv ERR459116.syrah2.fq.gz ERR459116.WT.BR36.L1.syrah2.fq.gz"
"583","mv ERR459117.syrah2.fq.gz ERR459117.WT.BR36.L2.syrah2.fq.gz"
"584","mv ERR459118.syrah2.fq.gz ERR459118.WT.BR36.L3.syrah2.fq.gz"
"585","mv ERR459119.syrah2.fq.gz ERR459119.WT.BR36.L4.syrah2.fq.gz"
"586","mv ERR459120.syrah2.fq.gz ERR459120.WT.BR36.L5.syrah2.fq.gz"
"587","mv ERR459121.syrah2.fq.gz ERR459121.WT.BR36.L6.syrah2.fq.gz"
"588","mv ERR459122.syrah2.fq.gz ERR459122.WT.BR36.L7.syrah2.fq.gz"
"589","mv ERR459123.syrah2.fq.gz ERR459123.WT.BR37.L1.syrah2.fq.gz"
"590","mv ERR459124.syrah2.fq.gz ERR459124.WT.BR37.L2.syrah2.fq.gz"
"591","mv ERR459125.syrah2.fq.gz ERR459125.WT.BR37.L3.syrah2.fq.gz"
"592","mv ERR459126.syrah2.fq.gz ERR459126.WT.BR37.L4.syrah2.fq.gz"
"593","mv ERR459127.syrah2.fq.gz ERR459127.WT.BR37.L5.syrah2.fq.gz"
"594","mv ERR459128.syrah2.fq.gz ERR459128.WT.BR37.L6.syrah2.fq.gz"
"595","mv ERR459129.syrah2.fq.gz ERR459129.WT.BR37.L7.syrah2.fq.gz"
"596","mv ERR459130.syrah2.fq.gz ERR459130.WT.BR38.L1.syrah2.fq.gz"
"597","mv ERR459131.syrah2.fq.gz ERR459131.WT.BR38.L2.syrah2.fq.gz"
"598","mv ERR459132.syrah2.fq.gz ERR459132.WT.BR38.L3.syrah2.fq.gz"
"599","mv ERR459133.syrah2.fq.gz ERR459133.WT.BR38.L4.syrah2.fq.gz"
"600","mv ERR459134.syrah2.fq.gz ERR459134.WT.BR38.L5.syrah2.fq.gz"
"601","mv ERR459135.syrah2.fq.gz ERR459135.WT.BR38.L6.syrah2.fq.gz"
"602","mv ERR459136.syrah2.fq.gz ERR459136.WT.BR38.L7.syrah2.fq.gz"
"603","mv ERR459137.syrah2.fq.gz ERR459137.WT.BR39.L1.syrah2.fq.gz"
"604","mv ERR459138.syrah2.fq.gz ERR459138.WT.BR39.L2.syrah2.fq.gz"
"605","mv ERR459139.syrah2.fq.gz ERR459139.WT.BR39.L3.syrah2.fq.gz"
"606","mv ERR459140.syrah2.fq.gz ERR459140.WT.BR39.L4.syrah2.fq.gz"
"607","mv ERR459141.syrah2.fq.gz ERR459141.WT.BR39.L5.syrah2.fq.gz"
"608","mv ERR459142.syrah2.fq.gz ERR459142.WT.BR39.L6.syrah2.fq.gz"
"609","mv ERR459143.syrah2.fq.gz ERR459143.WT.BR39.L7.syrah2.fq.gz"
"610","mv ERR459144.syrah2.fq.gz ERR459144.WT.BR40.L1.syrah2.fq.gz"
"611","mv ERR459145.syrah2.fq.gz ERR459145.WT.BR40.L2.syrah2.fq.gz"
"612","mv ERR459146.syrah2.fq.gz ERR459146.WT.BR40.L3.syrah2.fq.gz"
"613","mv ERR459147.syrah2.fq.gz ERR459147.WT.BR40.L4.syrah2.fq.gz"
"614","mv ERR459148.syrah2.fq.gz ERR459148.WT.BR40.L5.syrah2.fq.gz"
"615","mv ERR459149.syrah2.fq.gz ERR459149.WT.BR40.L6.syrah2.fq.gz"
"616","mv ERR459150.syrah2.fq.gz ERR459150.WT.BR40.L7.syrah2.fq.gz"
"617","mv ERR459151.syrah2.fq.gz ERR459151.WT.BR41.L1.syrah2.fq.gz"
"618","mv ERR459152.syrah2.fq.gz ERR459152.WT.BR41.L2.syrah2.fq.gz"
"619","mv ERR459153.syrah2.fq.gz ERR459153.WT.BR41.L3.syrah2.fq.gz"
"620","mv ERR459154.syrah2.fq.gz ERR459154.WT.BR41.L4.syrah2.fq.gz"
"621","mv ERR459155.syrah2.fq.gz ERR459155.WT.BR41.L5.syrah2.fq.gz"
"622","mv ERR459156.syrah2.fq.gz ERR459156.WT.BR41.L6.syrah2.fq.gz"
"623","mv ERR459157.syrah2.fq.gz ERR459157.WT.BR41.L7.syrah2.fq.gz"
"624","mv ERR459158.syrah2.fq.gz ERR459158.WT.BR42.L1.syrah2.fq.gz"
"625","mv ERR459159.syrah2.fq.gz ERR459159.WT.BR42.L2.syrah2.fq.gz"
"626","mv ERR459160.syrah2.fq.gz ERR459160.WT.BR42.L3.syrah2.fq.gz"
"627","mv ERR459161.syrah2.fq.gz ERR459161.WT.BR42.L4.syrah2.fq.gz"
"628","mv ERR459162.syrah2.fq.gz ERR459162.WT.BR42.L5.syrah2.fq.gz"
"629","mv ERR459163.syrah2.fq.gz ERR459163.WT.BR42.L6.syrah2.fq.gz"
"630","mv ERR459164.syrah2.fq.gz ERR459164.WT.BR42.L7.syrah2.fq.gz"
"631","mv ERR459165.syrah2.fq.gz ERR459165.WT.BR43.L1.syrah2.fq.gz"
"632","mv ERR459166.syrah2.fq.gz ERR459166.WT.BR43.L2.syrah2.fq.gz"
"633","mv ERR459167.syrah2.fq.gz ERR459167.WT.BR43.L3.syrah2.fq.gz"
"634","mv ERR459168.syrah2.fq.gz ERR459168.WT.BR43.L4.syrah2.fq.gz"
"635","mv ERR459169.syrah2.fq.gz ERR459169.WT.BR43.L5.syrah2.fq.gz"
"636","mv ERR459170.syrah2.fq.gz ERR459170.WT.BR43.L6.syrah2.fq.gz"
"637","mv ERR459171.syrah2.fq.gz ERR459171.WT.BR43.L7.syrah2.fq.gz"
"638","mv ERR459172.syrah2.fq.gz ERR459172.WT.BR44.L1.syrah2.fq.gz"
"639","mv ERR459173.syrah2.fq.gz ERR459173.WT.BR44.L2.syrah2.fq.gz"
"640","mv ERR459174.syrah2.fq.gz ERR459174.WT.BR44.L3.syrah2.fq.gz"
"641","mv ERR459175.syrah2.fq.gz ERR459175.WT.BR44.L4.syrah2.fq.gz"
"642","mv ERR459176.syrah2.fq.gz ERR459176.WT.BR44.L5.syrah2.fq.gz"
"643","mv ERR459177.syrah2.fq.gz ERR459177.WT.BR44.L6.syrah2.fq.gz"
"644","mv ERR459178.syrah2.fq.gz ERR459178.WT.BR44.L7.syrah2.fq.gz"
"645","mv ERR459179.syrah2.fq.gz ERR459179.WT.BR45.L1.syrah2.fq.gz"
"646","mv ERR459180.syrah2.fq.gz ERR459180.WT.BR45.L2.syrah2.fq.gz"
"647","mv ERR459181.syrah2.fq.gz ERR459181.WT.BR45.L3.syrah2.fq.gz"
"648","mv ERR459182.syrah2.fq.gz ERR459182.WT.BR45.L4.syrah2.fq.gz"
"649","mv ERR459183.syrah2.fq.gz ERR459183.WT.BR45.L5.syrah2.fq.gz"
"650","mv ERR459184.syrah2.fq.gz ERR459184.WT.BR45.L6.syrah2.fq.gz"
"651","mv ERR459185.syrah2.fq.gz ERR459185.WT.BR45.L7.syrah2.fq.gz"
"652","mv ERR459186.syrah2.fq.gz ERR459186.WT.BR46.L1.syrah2.fq.gz"
"653","mv ERR459187.syrah2.fq.gz ERR459187.WT.BR46.L2.syrah2.fq.gz"
"654","mv ERR459188.syrah2.fq.gz ERR459188.WT.BR46.L3.syrah2.fq.gz"
"655","mv ERR459189.syrah2.fq.gz ERR459189.WT.BR46.L4.syrah2.fq.gz"
"656","mv ERR459190.syrah2.fq.gz ERR459190.WT.BR46.L5.syrah2.fq.gz"
"657","mv ERR459191.syrah2.fq.gz ERR459191.WT.BR46.L6.syrah2.fq.gz"
"658","mv ERR459192.syrah2.fq.gz ERR459192.WT.BR46.L7.syrah2.fq.gz"
"659","mv ERR459193.syrah2.fq.gz ERR459193.WT.BR47.L1.syrah2.fq.gz"
"660","mv ERR459194.syrah2.fq.gz ERR459194.WT.BR47.L2.syrah2.fq.gz"
"661","mv ERR459195.syrah2.fq.gz ERR459195.WT.BR47.L3.syrah2.fq.gz"
"662","mv ERR459196.syrah2.fq.gz ERR459196.WT.BR47.L4.syrah2.fq.gz"
"663","mv ERR459197.syrah2.fq.gz ERR459197.WT.BR47.L5.syrah2.fq.gz"
"664","mv ERR459198.syrah2.fq.gz ERR459198.WT.BR47.L6.syrah2.fq.gz"
"665","mv ERR459199.syrah2.fq.gz ERR459199.WT.BR47.L7.syrah2.fq.gz"
"666","mv ERR459200.syrah2.fq.gz ERR459200.WT.BR48.L1.syrah2.fq.gz"
"667","mv ERR459201.syrah2.fq.gz ERR459201.WT.BR48.L2.syrah2.fq.gz"
"668","mv ERR459202.syrah2.fq.gz ERR459202.WT.BR48.L3.syrah2.fq.gz"
"669","mv ERR459203.syrah2.fq.gz ERR459203.WT.BR48.L4.syrah2.fq.gz"
"670","mv ERR459204.syrah2.fq.gz ERR459204.WT.BR48.L5.syrah2.fq.gz"
"671","mv ERR459205.syrah2.fq.gz ERR459205.WT.BR48.L6.syrah2.fq.gz"
"672","mv ERR459206.syrah2.fq.gz ERR459206.WT.BR48.L7.syrah2.fq.gz"
